perviy	袩械褉胁褘泄 泻邪薪邪谢	146
russia1	袪芯褋褋懈褟 1	711
match	袦邪褌褔 孝袙	2051
ntv	袧孝袙	162
5kanal	袩褟褌褘泄 泻邪薪邪谢	427
russiak	袪芯褋褋懈褟 袣	187
russia24	袪芯褋褋懈褟 24	1683
karusel	袣邪褉褍褋械谢褜	740
otr	袨孝袪	1000
tvc	孝袙 笑械薪褌褉	649
rentv	袪袝袧 孝袙	18
spas	小锌邪褋	2141
sts	小孝小	79
domashniy	袛芯屑邪褕薪懈泄	304
tv3	孝袙-3	698
pyatnica	袩褟褌薪懈褑邪!	1003
zvezda	袟胁械蟹写邪	405
mir	袦懈褉	726
tnt	孝袧孝	353
muztv	袦褍蟹-孝袙	897
match_premier	袦邪褌褔! 袩褉械屑褜械褉	2250
match_futbol_1	袦邪褌褔! 肖褍褌斜芯谢 1	2044
match_futbol_2	袦邪褌褔! 肖褍褌斜芯谢 2	1042
match_futbol_3	袦邪褌褔! 肖褍褌斜芯谢 3	2005
setanta_sports_1	Setanta Sports 1	7517
setanta_sports_2	Setanta Sports 2	2363
match_arena	袦邪褌褔! 袗褉械薪邪	2003
match_boec	袦邪褌褔! 袘芯械褑	2054
match_igra	袦邪褌褔! 袠谐褉邪	2050
khl_prime	袣啸袥 Prime	1038
skysportspl	Sky Sports Premier League	4569
vip_premiere	viju+ Premiere	1013
vip_megahit	viju+ Megahit	1012
vip_comedy	viju+ Comedy	1011
tv1000	viju TV1000	127
tv1000_action	viju TV1000 Action	125
kinopremyera	袣懈薪芯锌褉械屑褜械褉邪	566
amedia_premium	Amedia Premium	1372
amedia_hit	Amedia Hit	2007
amedia1	Amedia 1	1371
amedia2	Amedia 2	2492
kinoxit	袣懈薪芯褏懈褌	542
mujskoe_kino	袦褍卸褋泻芯械 泻懈薪芯	1584
kinosvidanie	袣懈薪芯褋胁懈写邪薪懈械	462
kinosemya	袣懈薪芯褋械屑褜褟	987
kinopokaz	袣懈薪芯锌芯泻邪蟹	2834
dom_kino	袛芯屑 泻懈薪芯	834
mosfilm	袦芯褋褎懈谢褜屑. 袟芯谢芯褌邪褟 泻芯谢谢械泻褑懈褟	3357
rbc	袪袘袣	743
izvestia	袠蟹胁械褋褌懈褟	2271
euronews	Euronews	2266
soloviev_live	小芯谢芯胁褜械胁 LIVE	13
rtd	RT袛	2295
1hd_music_tv	1HD Music Television	4037
tnt_music	孝袧孝 MUSIC	680
europa_plus_tv	Europa Plus TV	681
bridge_tv	Bridge TV	151
bridge_deluxe	Bridge Deluxe	2022
rtg_tv	Russian Travel Guide	648
travel_adventure	Travel+Adventure	1035
viasat_explore	Viasat Explore	521
viasat_history	Viasat History	8940
viasat_nature	Viasat Nature	765
mult	袦褍谢褜褌	1332
multilandia	袦褍谢褜褌懈谢邪薪写懈褟	2757
nickelodeon	Nickelodeon	423
soviet_cartoons	小芯胁械褌褋泻懈械 屑褍谢褜褌褎懈谢褜屑褘	1111
moya_planeta	袦芯褟 袩谢邪薪械褌邪	675
two_x_two	2x2	323
kinokomediya	袣懈薪芯泻芯屑械写懈褟	821
kinomix	袣懈薪芯屑懈泻褋	644
kinoseria	袣懈薪芯褋械褉懈褟	799
lubimoe_kino	袥褞斜懈屑芯械 泻懈薪芯	477
evrokino	袝胁褉芯泻懈薪芯	352
nst	袧小孝	518
discovery	Discovery Channel	325
tv1000_romantica	viju TV1000 Romantica	viju-tv1000-romantica
