perviy	https://iptvx.one/picons/pervy.png
russia1	https://iptvx.one/picons/rossia1.png
match	https://iptvx.one/picons/match-tv.png
ntv	https://iptvx.one/picons/ntv.png
5kanal	https://iptvx.one/picons/5kanal-ru.png
russiak	https://iptvx.one/picons/kultura.png
russia24	https://iptvx.one/picons/rossia-24.png
karusel	https://iptvx.one/picons/karusel.png
otr	https://iptvx.one/picons/otr.png
tvc	https://iptvx.one/picons/tvcentr.png
rentv	https://iptvx.one/picons/rentv.png
spas	https://iptvx.one/picons/spas.png
sts	https://iptvx.one/picons/sts.png
domashniy	https://iptvx.one/picons/domashny.png
tv3	https://iptvx.one/picons/tv3-ru.png
pyatnica	https://iptvx.one/picons/piatnica.png
zvezda	https://iptvx.one/picons/zvezda.png
mir	https://iptvx.one/picons/mir.png
tnt	https://iptvx.one/picons/tnt.png
muztv	https://iptvx.one/picons/muztv.png
match_premier	https://iptvx.one/picons/match-premiere.png
match_futbol_1	https://iptvx.one/picons/match-football1.png
match_futbol_2	https://iptvx.one/picons/match-football2.png
match_futbol_3	https://iptvx.one/picons/match-football3.png
setanta_sports_1	https://iptvx.one/picons/setanta-sports.png
setanta_sports_2	https://iptvx.one/picons/setanta-sports-plus.png
match_arena	https://iptvx.one/picons/match-arena.png
match_boec	https://iptvx.one/picons/match-boec.png
match_igra	https://iptvx.one/picons/match-igra.png
khl_prime	https://iptvx.one/picons/kxl.png
skysportspl	https://iptvx.one/picons/sky-sports-apl.png
vip_premiere	https://iptvx.one/picons/vip-premiere.png
vip_megahit	https://iptvx.one/picons/vip-megahit.png
vip_comedy	https://iptvx.one/picons/vip-comedy.png
tv1000	https://iptvx.one/picons/tv1000.png
tv1000_action	https://iptvx.one/picons/tv1000-action.png
kinopremyera	https://iptvx.one/picons/kinopremiera.png
kinoxit	https://iptvx.one/picons/kinoxit.png
mujskoe_kino	https://iptvx.one/picons/muzhskoe-kino.png
kinosvidanie	https://iptvx.one/picons/kinosvidanie.png
kinosemya	https://iptvx.one/picons/kinosemia.png
kinopokaz	https://iptvx.one/picons/kinopokaz.png
dom_kino	https://iptvx.one/picons/domkino.png
mosfilm	https://iptvx.one/picons/mosfilm.png
rbc	https://iptvx.one/picons/rbk.png
izvestia	https://iptvx.one/picons/izvestia.png
euronews	https://iptvx.one/picons/euronews.png
soloviev_live	https://iptvx.one/picons/solovjinypomiot.png
rtd	https://iptvx.one/picons/rt-doc.png
1hd_music_tv	https://iptvx.one/picons/1hd-music.png
tnt_music	https://iptvx.one/picons/tnt-music.png
europa_plus_tv	https://iptvx.one/picons/europa-plus-tv.png
bridge_tv	https://iptvx.one/picons/bridge-hd.png
bridge_deluxe	https://iptvx.one/picons/bridge-hd.png
rtg_tv	https://iptvx.one/picons/rtg-hd.png
travel_adventure	https://iptvx.one/picons/travel-adventure.png
viasat_explore	https://iptvx.one/picons/viasat-explore.png
viasat_history	https://iptvx.one/picons/viasat-history.png
viasat_nature	https://iptvx.one/picons/viasat-nature.png
mult	https://iptvx.one/picons/mult.png
multilandia	https://iptvx.one/picons/multimania.png
nickelodeon	https://iptvx.one/picons/nickelodeon-ru.png
soviet_cartoons	https://iptvx.one/picons/sovmultf.png
kinokomediya	https://iptvx.one/picons/kinokomedia.png
kinomix	https://iptvx.one/picons/kinomiks.png
kinoseria	https://iptvx.one/picons/kinoseria.png
lubimoe_kino	https://iptvx.one/picons/lubimoe-kino.png
evrokino	https://iptvx.one/picons/eurokino.png
nst	https://iptvx.one/picons/nst.png
moya_planeta	https://iptvx.one/picons/moya-planeta.png
two_x_two	https://iptvx.one/picons/2na2.png
discovery	https://iptvx.one/picons/discovery-channel.png
tv1000_romantica	https://iptvx.one/picons/viju-tv1000-romantica.png
