title	status	left_hours	exp_utc	url
Первый канал	LIME_KEEP_HIGH_6H_PLUS	18.66	2026-06-20 18:56:02+00:00	https://mhd128.iptv2022.com/p/htvostB2gkFpWCDgOnnFSw,1781981762/streaming/1kanalott/324/5/tracks-v5a1/mono.m3u8
Россия 1	LIME_KEEP_HIGH_6H_PLUS	18.66	2026-06-20 18:56:07+00:00	https://mhd128.iptv2022.com/p/YdOqb4BczYJtGcU7VBVh-w,1781981767/streaming/rossia1ott/324/5/index.m3u8
Россия 1	LIME_KEEP_HIGH_6H_PLUS	18.66	2026-06-20 18:56:02+00:00	https://mhd128.iptv2022.com/p/9xYhvKH4sc0sl8ZLrRTrSg,1781981762/streaming/rossia1ott/324/5/tracks-v5a1/mono.m3u8
Матч ТВ	LIME_KEEP_HIGH_6H_PLUS	18.66	2026-06-20 18:56:05+00:00	https://mhd128.iptv2022.com/p/wYUy4vkntxm0-gOKpyxbgA,1781981765/streaming/matchott/324/5/tracks-v5a1/mono.m3u8
НТВ	LIME_KEEP_HIGH_6H_PLUS	18.66	2026-06-20 18:56:02+00:00	https://mhd128.iptv2022.com/p/zV9uS15AN2jYoU7WRhr0IA,1781981762/streaming/ntvnn/324/5/tracks-v5a1/mono.m3u8
Пятый канал	LIME_KEEP_HIGH_6H_PLUS	18.66	2026-06-20 18:56:02+00:00	https://mhd128.iptv2022.com/p/Ukm4toDP95ZnpUFSFS6_Xw,1781981762/streaming/5kanalott/324/5/tracks-v5a1/mono.m3u8
Россия К	LIME_KEEP_HIGH_6H_PLUS	18.66	2026-06-20 18:56:02+00:00	https://mhd128.iptv2022.com/p/6frPGTaXABS_eOwWsHGnHQ,1781981762/streaming/rossiak/324/5/tracks-v5a1/mono.m3u8
Россия 24	LIME_KEEP_HIGH_6H_PLUS	18.66	2026-06-20 18:56:05+00:00	https://mhd128.iptv2022.com/p/125zVrydWe5OQ6ukDTxcRg,1781981765/streaming/rossia24nn/324/5/tracks-v5a1/mono.m3u8
Карусель	LIME_KEEP_HIGH_6H_PLUS	18.66	2026-06-20 18:56:03+00:00	https://mhd128.iptv2022.com/p/6PGfOwVPPtV63hLndR034w,1781981763/streaming/karusel/324/5/tracks-v5a1/mono.m3u8
ОТР	LIME_KEEP_HIGH_6H_PLUS	18.66	2026-06-20 18:56:02+00:00	https://mhd128.iptv2022.com/p/zIpfSWge84340d7yE6B6LQ,1781981762/streaming/otr/324/5/tracks-v5a1/mono.m3u8
ТВ Центр	LIME_KEEP_HIGH_6H_PLUS	18.66	2026-06-20 18:56:02+00:00	https://mhd128.iptv2022.com/p/0cJg7ehNzIxvkdLK-9DIXA,1781981762/streaming/tvc/324/5/tracks-v5a1/mono.m3u8
РЕН ТВ	LIME_KEEP_HIGH_6H_PLUS	18.66	2026-06-20 18:56:02+00:00	https://mhd128.iptv2022.com/p/nqD4vN4Robpn2yP9zbv06w,1781981762/streaming/rentvott/324/5/index.m3u8
Спас	LIME_KEEP_HIGH_6H_PLUS	18.66	2026-06-20 18:56:04+00:00	https://mhd128.iptv2022.com/p/Kxt5DCa8VQ8o6XbyGd03lQ,1781981764/streaming/spas/324/5/tracks-v5a1/mono.m3u8
СТС	LIME_KEEP_HIGH_6H_PLUS	18.66	2026-06-20 18:56:02+00:00	https://mhd128.iptv2022.com/p/_B8COc_s046IOQTkLIicVg,1781981762/streaming/stsott/324/5/tracks-v5a1/mono.m3u8
Домашний	LIME_KEEP_HIGH_6H_PLUS	18.66	2026-06-20 18:56:02+00:00	https://mhd128.iptv2022.com/p/P2l5nQYNVZxH2NMwGJTNzA,1781981762/streaming/domashiyott/324/5/tracks-v5a1/mono.m3u8
ТВ-3	LIME_KEEP_HIGH_6H_PLUS	18.66	2026-06-20 18:56:02+00:00	https://mhd128.iptv2022.com/p/QL5hxLyfi6Od0uZROtWpVQ,1781981762/streaming/tv3ott/324/5/tracks-v5a1/mono.m3u8
Пятница!	LIME_KEEP_HIGH_6H_PLUS	18.66	2026-06-20 18:56:02+00:00	https://mhd128.iptv2022.com/p/P_2opK4nWOQMgHNR1bVK5A,1781981762/streaming/pyatnicaott/324/5/tracks-v5a1/mono.m3u8
Звезда	LIME_KEEP_HIGH_6H_PLUS	18.66	2026-06-20 18:56:02+00:00	https://mhd128.iptv2022.com/p/0DJfDcIsq1HCYjvUjL0v7g,1781981762/streaming/zvezda/324/5/tracks-v5a1/mono.m3u8
Мир	LIME_KEEP_HIGH_6H_PLUS	18.66	2026-06-20 18:56:02+00:00	https://mhd128.iptv2022.com/p/ge1erIbQQrt2SpnOfF-lLQ,1781981762/streaming/mirott/324/5/tracks-v5a1/mono.m3u8
ТНТ	LIME_KEEP_HIGH_6H_PLUS	18.66	2026-06-20 18:56:02+00:00	https://mhd128.iptv2022.com/p/_U4VDx-u0unh7rcZ5DmR3g,1781981762/streaming/tntott/324/5/tracks-v5a1/mono.m3u8
Муз-ТВ	LIME_KEEP_HIGH_6H_PLUS	18.66	2026-06-20 18:56:05+00:00	https://mhd128.iptv2022.com/p/o8sjWN7zpZVaa4XKwl0Gqw,1781981765/streaming/muztv/324/5/tracks-v5a1/mono.m3u8
Матч! Премьер	LIME_KEEP_HIGH_6H_PLUS	18.66	2026-06-20 18:56:05+00:00	https://mhd128.iptv2022.com/p/EvoFauILBIxLXqPDLsMbaw,1781981765/streaming/match_premyerhd/324/1/tracks-v5a1/mono.m3u8
Матч! Премьер	LIME_KEEP_HIGH_6H_PLUS	18.66	2026-06-20 18:56:05+00:00	https://mhd128.iptv2022.com/p/jczfPxIdz6OTPwdAO659zQ,1781981765/streaming/match_premyer/324/1/tracks-v5a1/mono.m3u8
Матч! Футбол 1	LIME_KEEP_HIGH_6H_PLUS	18.66	2026-06-20 18:56:05+00:00	https://mhd128.iptv2022.com/p/qH0PNecrL6wBxkiKxdHtxg,1781981765/streaming/footbal1hd/324/1/tracks-v5a1/mono.m3u8
Матч! Футбол 2	LIME_KEEP_HIGH_6H_PLUS	18.66	2026-06-20 18:56:05+00:00	https://mhd128.iptv2022.com/p/UpgPZIGV55zY5Vy9h7x4vQ,1781981765/streaming/footbal2hd/324/1/tracks-v5a1/mono.m3u8
Матч! Футбол 3	LIME_KEEP_HIGH_6H_PLUS	18.66	2026-06-20 18:56:05+00:00	https://mhd128.iptv2022.com/p/EekL2LaPMW5vjUVEuaF9fg,1781981765/streaming/footbal3hd/324/1/tracks-v5a1/mono.m3u8
Матч! Арена	LIME_KEEP_HIGH_6H_PLUS	18.66	2026-06-20 18:56:05+00:00	https://mhd128.iptv2022.com/p/ivOKWBEHKU4RXu9wFvkrpQ,1781981765/streaming/match_arena/324/1/tracks-v5a1/mono.m3u8
Матч! Боец	LIME_KEEP_HIGH_6H_PLUS	18.66	2026-06-20 18:56:05+00:00	https://mhd128.iptv2022.com/p/XGw9HT5rSTKGODRum5X3Wg,1781981765/streaming/boectv/324/1/tracks-v5a1/mono.m3u8
Матч! Игра	LIME_KEEP_HIGH_6H_PLUS	18.66	2026-06-20 18:56:05+00:00	https://mhd128.iptv2022.com/p/qHwfrZnvw7arDqr_WMLXIA,1781981765/streaming/match_igra/324/1/tracks-v5a1/mono.m3u8
КХЛ Prime	LIME_KEEP_HIGH_6H_PLUS	18.66	2026-06-20 18:56:05+00:00	https://mhd128.iptv2022.com/p/RgOHJ3FS-F6h4FkDIMT6QQ,1781981765/streaming/khlhd/324/1/tracks-v5a1/mono.m3u8
Кинопремьера	LIME_KEEP_HIGH_6H_PLUS	18.66	2026-06-20 18:56:03+00:00	https://mhd128.iptv2022.com/p/sxdEMd3lxfjFWYRXxirQAA,1781981763/streaming/film-premiere/324/1/tracks-v5a1/mono.m3u8
Кинохит	LIME_KEEP_HIGH_6H_PLUS	18.66	2026-06-20 18:56:03+00:00	https://mhd128.iptv2022.com/p/UDOIjHG3Y-wRBuYIpYPv7Q,1781981763/streaming/film-hit/324/1/tracks-v5a1/mono.m3u8
Мужское кино	LIME_KEEP_HIGH_6H_PLUS	18.66	2026-06-20 18:56:03+00:00	https://mhd128.iptv2022.com/p/M0-LdMh4s3-u8vkfERHtOA,1781981763/streaming/male-movie/324/1/tracks-v5a1/mono.m3u8
Киносвидание	LIME_KEEP_HIGH_6H_PLUS	18.66	2026-06-20 18:56:03+00:00	https://mhd128.iptv2022.com/p/ViXGBNyi2IbtZyxXeTF2Gw,1781981763/streaming/film-watching/324/1/tracks-v5a1/mono.m3u8
Киносемья	LIME_KEEP_HIGH_6H_PLUS	18.66	2026-06-20 18:56:03+00:00	https://mhd128.iptv2022.com/p/I5hoIrVdDJdAqfvYwALCRg,1781981763/streaming/film-families/324/1/tracks-v5a1/mono.m3u8
Кинопоказ	LIME_KEEP_HIGH_6H_PLUS	18.66	2026-06-20 18:56:03+00:00	https://mhd128.iptv2022.com/p/BogJfVh2QKb809bAa0fFfA,1781981763/streaming/kinopokaz/324/1/tracks-v5a1/mono.m3u8
РБК	LIME_KEEP_HIGH_6H_PLUS	18.66	2026-06-20 18:56:05+00:00	https://mhd128.iptv2022.com/p/w9cLbvSKkQls3e0jWebfiw,1781981765/streaming/rbk/324/1/tracks-v5a1/mono.m3u8
Известия	LIME_KEEP_HIGH_6H_PLUS	18.66	2026-06-20 18:56:05+00:00	https://mhd128.iptv2022.com/p/RVdYOLmxrm7K6O3tlYCpxg,1781981765/streaming/izvestia/324/1/tracks-v5a1/mono.m3u8
Соловьев LIVE	LIME_KEEP_HIGH_6H_PLUS	18.66	2026-06-20 18:56:05+00:00	https://mhd128.iptv2022.com/p/veNdJgL3-SfhHEJZlgHiXg,1781981765/streaming/solovyevlive/324/1/tracks-v5a1/mono.m3u8
RTД	LIME_KEEP_HIGH_6H_PLUS	18.66	2026-06-20 18:56:05+00:00	https://mhd128.iptv2022.com/p/OlupHq0ZB-u5_YvujCfmKQ,1781981765/streaming/rtdhd/324/1/tracks-v5a1/mono.m3u8
ТНТ MUSIC	LIME_KEEP_HIGH_6H_PLUS	18.66	2026-06-20 18:56:05+00:00	https://mhd128.iptv2022.com/p/LyXNykx_YlKIQKWUdasFCQ,1781981765/streaming/tntmusic/324/1/tracks-v5a1/mono.m3u8
Europa Plus TV	LIME_KEEP_HIGH_6H_PLUS	18.66	2026-06-20 18:56:05+00:00	https://mhd128.iptv2022.com/p/kEbeepcFueZpMWhcjfq7Kw,1781981765/streaming/evropaplus/324/1/index.m3u8
Bridge TV	LIME_KEEP_HIGH_6H_PLUS	18.66	2026-06-20 18:56:05+00:00	https://mhd128.iptv2022.com/p/_ou1Kv4jLxnITtkCrNd8rQ,1781981765/streaming/bridgetv/324/1/index.m3u8
Bridge Deluxe	LIME_KEEP_HIGH_6H_PLUS	18.66	2026-06-20 18:56:05+00:00	https://mhd128.iptv2022.com/p/KXxLl_c39jzAZV6WFVDY_w,1781981765/streaming/br_delux/324/1/index.m3u8
Russian Travel Guide	LIME_KEEP_HIGH_6H_PLUS	18.66	2026-06-20 18:56:04+00:00	https://mhd128.iptv2022.com/p/oxAz1OUHprbrGSP-Q7PGAQ,1781981764/streaming/rtghd/324/1/tracks-v5a1/mono.m3u8
Russian Travel Guide	LIME_KEEP_HIGH_6H_PLUS	18.66	2026-06-20 18:56:04+00:00	https://mhd128.iptv2022.com/p/Kjdm82oa9p1Lf_S2et9YbA,1781981764/streaming/rtg/324/1/index.m3u8
Travel+Adventure	LIME_KEEP_HIGH_6H_PLUS	18.66	2026-06-20 18:56:04+00:00	https://mhd128.iptv2022.com/p/OkVf3oPLKNZq-oaztKPvQg,1781981764/streaming/travelhd/324/1/tracks-v5a1/mono.m3u8
Советские мультфильмы	LIME_KEEP_HIGH_6H_PLUS	18.66	2026-06-20 18:56:04+00:00	https://mhd128.iptv2022.com/p/BZDxkDQ5YVRyDLHuyHehvw,1781981764/streaming/rusmult/324/1/tracks-v5a1/mono.m3u8
Кинокомедия	LIME_KEEP_HIGH_6H_PLUS	18.66	2026-06-20 18:56:03+00:00	https://mhd128.iptv2022.com/p/11GVm0AeI0jaXF2wf95nRw,1781981763/streaming/kinocomedia/324/1/tracks-v5a1/mono.m3u8
Киномикс	LIME_KEEP_HIGH_6H_PLUS	18.66	2026-06-20 18:56:03+00:00	https://mhd128.iptv2022.com/p/H77OP-WyRRW5lnwlt8E3Ew,1781981763/streaming/kinomix/324/1/tracks-v5a1/mono.m3u8
Киносерия	LIME_KEEP_HIGH_6H_PLUS	18.66	2026-06-20 18:56:03+00:00	https://mhd128.iptv2022.com/p/7QC2dUQpPiKOATt88p10RQ,1781981763/streaming/kinoseria/324/1/tracks-v5a1/mono.m3u8
Любимое кино	LIME_KEEP_HIGH_6H_PLUS	18.66	2026-06-20 18:56:03+00:00	https://mhd128.iptv2022.com/p/smDXRnjChdXw79E9W1-Xjw,1781981763/streaming/lubimoe_kino/324/1/tracks-v5a1/mono.m3u8
Еврокино	LIME_KEEP_HIGH_6H_PLUS	18.66	2026-06-20 18:56:03+00:00	https://mhd128.iptv2022.com/p/iR9YN2pRgt56ZYHztDIAbQ,1781981763/streaming/eurokino/324/1/tracks-v5a1/mono.m3u8
